{
    "animActors": [
        {
            "beginIndex": 0,
            "endIndex": 29,
            "frameSpeed": 29,
            "path": "res/ani_110111_c_20_20_0.5_1_tree.png",
            "position": [
                1.0900002717971802,
                5.280000686645508,
                0.0
            ],
            "sizeWs": [
                3.0,
                3.0,
                0.0
            ],
            "texId": 5360758450764459103
        }
    ],
    "landScapeShader": "res/shaders/shader.frag",
    "mapInfo": {
        "column": 64,
        "height": 3.0,
        "row": 50,
        "width": 3.0
    },
    "staticActors": [
        {
            "index": 20,
            "path": "res/arr_110110_c_5_5_0.5_1_tree.png",
            "position": [
                5.954070091247559,
                5.034901142120361,
                0.029998673126101494
            ],
            "sizeWs": [
                2.0,
                2.0,
                0.0
            ],
            "texId": 2125843542878897406
        },
        {
            "index": 15,
            "path": "res/arr_110110_c_5_5_0.5_1_tree.png",
            "position": [
                5.301393508911133,
                5.19219446182251,
                0.0
            ],
            "sizeWs": [
                2.0,
                2.0,
                0.0
            ],
            "texId": 2125843542878897406
        },
        {
            "index": 11,
            "path": "res/arr_110110_c_5_5_0.5_1_tree.png",
            "position": [
                3.4740779399871826,
                4.012222766876221,
                0.0
            ],
            "sizeWs": [
                2.0,
                2.0,
                0.0
            ],
            "texId": 2125843542878897406
        }
    ]
}