{
    "gameMode": {
        "playerClass": "GPlayer",
        "playerPosition": [
            2.42958927154541,
            1.4998242855072021,
            0.0
        ]
    },
    "landScapeShader": "res/shaderInst.gmat",
    "mapInfo": {
        "column": 8,
        "height": 10.0,
        "row": 8,
        "width": 10.0
    },
    "staticActors": [
        {
            "name": "tree1",
            "position": [
                -1.6663240194320679,
                -1.222137212753296,
                0.0
            ],
            "sizeWs": [
                3.0,
                3.0,
                1.0
            ]
        },
        {
            "name": "tree1",
            "position": [
                -2.419954299926758,
                1.8669532537460327,
                0.0
            ],
            "sizeWs": [
                3.0,
                3.0,
                1.0
            ]
        },
        {
            "name": "tree1",
            "position": [
                2.42958927154541,
                1.4998242855072021,
                0.0
            ],
            "sizeWs": [
                3.0,
                3.0,
                1.0
            ]
        }
    ]
}