{
    "gameMode": {
        "playerClass": "GPlayer",
        "playerPosition": [
            1.4519468545913696,
            1.1615597009658813,
            0.0
        ]
    },
    "landScapeShader": "res/shaderInst.gmat",
    "mapInfo": {
        "column": 8,
        "height": 10.0,
        "row": 8,
        "width": 10.0
    },
    "staticActors": [
        {
            "name": "tree1",
            "position": [
                -1.049482822418213,
                -0.26493164896965027,
                0.0
            ],
            "sizeWs": [
                3.0,
                3.0,
                1.0
            ]
        },
        {
            "name": "tree1",
            "position": [
                -1.5933252573013306,
                1.5474358797073364,
                0.0
            ],
            "sizeWs": [
                3.0,
                3.0,
                1.0
            ]
        },
        {
            "name": "tree1",
            "position": [
                1.4519468545913696,
                1.1615597009658813,
                0.0
            ],
            "sizeWs": [
                3.0,
                3.0,
                1.0
            ]
        }
    ]
}