{
    "gameMode": {
        "playerClass": "GPlayer",
        "playerPosition": [
            0.6399636268615723,
            0.11491944640874863,
            0.0
        ]
    },
    "landScapeShader": "res/shaderInst.gmat",
    "mapInfo": {
        "column": 8,
        "height": 10.0,
        "row": 8,
        "width": 10.0
    },
    "staticActors": [
        {
            "name": "tree1",
            "position": [
                -0.5858212113380432,
                -0.6250808238983154,
                0.0
            ],
            "sizeWs": [
                1.0,
                1.0,
                1.0
            ]
        },
        {
            "name": "tree1",
            "position": [
                -1.8684996366500854,
                1.1006536483764648,
                0.0
            ],
            "sizeWs": [
                3.0,
                3.0,
                1.0
            ]
        },
        {
            "name": "tree1",
            "position": [
                0.6399636268615723,
                0.11491944640874863,
                0.0
            ],
            "sizeWs": [
                1.0,
                1.0,
                1.0
            ]
        }
    ]
}