{
    "gameMode": {
        "playerClass": "GPlayer",
        "playerPosition": [
            0,
            0,
            0
        ]
    },
    "landScapeShader": "res/shaderInst.json",
    "mapInfo": {
        "column": 8,
        "height": 10.0,
        "row": 5,
        "width": 10.0
    },
    "staticActors": [
        {
            "name": "treeB",
            "position": [
                0.2078068107366562,
                0.6152788996696472,
                0.0
            ],
            "sizeWs": [
                1.0,
                1.0,
                1.0
            ]
        },
        {
            "name": "treeA",
            "position": [
                1.4501218795776367,
                0.9885711073875427,
                0.0
            ],
            "sizeWs": [
                1.0,
                1.0,
                1.0
            ]
        },
        {
            "name": "treeC",
            "position": [
                0.18051061034202576,
                -0.5763067603111267,
                0.0
            ],
            "sizeWs": [
                1.0,
                1.0,
                1.0
            ]
        },
        {
            "name": "tree1",
            "position": [
                0.9507308602333069,
                -0.16866078972816467,
                0.0
            ],
            "sizeWs": [
                1.0,
                1.0,
                1.0
            ]
        }
    ]
}