{
    "gameMode": {
        "playerClass": "GPlayer",
        "playerPosition": [
            0.659641444683075,
            1.5729113817214966,
            -0.04663070663809776
        ]
    },
    "landScapeShader": "res/shaderInst.gmat",
    "mapInfo": {
        "column": 8,
        "height": 10.0,
        "row": 8,
        "width": 10.0
    },
    "staticActors": [
        {
            "name": "tree1",
            "position": [
                -1.2185713052749634,
                0.7293450236320496,
                0.0
            ],
            "sizeWs": [
                3.0,
                3.0,
                1.0
            ]
        },
        {
            "name": "tree1",
            "position": [
                -1.041565179824829,
                2.2047972679138184,
                0.0
            ],
            "sizeWs": [
                3.0,
                3.0,
                1.0
            ]
        },
        {
            "name": "tree1",
            "position": [
                1.8476924896240234,
                1.106287956237793,
                0.0
            ],
            "sizeWs": [
                3.0,
                3.0,
                1.0
            ]
        }
    ]
}